timesteps,collisions,fuel_used,alerts
0,13,0.15000000000000002,13
0,13,0.15000000000000002,13
