timesteps,collisions,fuel_used,alerts
0,11,0.14999999999869457,13
0,11,0.14999999999869457,13
